5/2022,KTSH735,4,common speak,Laith Shepherd,249,2
10/2021,GUXD537,4,whispering,Tiger Colon,115,8
9/2022,LJHD281,5,restrain mass,Tyrone Orr,99,6
11/2021,YYCD634,4,victorious head,Kameko Pennington,56,7
10/2021,VRXW963,5,speak indicate direction,Kareem Wiley,281,9
9/2022,QASV245,4,salve grow sable,Xantha Jennings,208,6
1/2023,BUBG512,5,men restrain,Jared Schwartz,85,7
1/2023,BSYS218,3,pull,Amelia Wood,57,9
2/2022,RZBG715,2,sable hill,Christine Harrington,61,9
5/2022,DUUS188,1,buzz own,Sebastian Hoover,273,5
12/2022,XWIN433,5,tie,Keane Valenzuela,161,5
4/2021,GAUO859,4,net makeshift common,Scarlet Guerra,78,10
8/2022,VNQA711,4,implant net,Martena Mayo,63,9
10/2021,LHNJ557,4,own,Carly Mills,215,4
6/2021,JIWR747,2,smile,Yeo Mccarty,154,8
4/2022,VIOL411,2,argue mislead,Tasha Moon,117,4
3/2022,CSPB752,3,restrain mass,Jason Dyer,268,7
7/2021,ILUQ898,2,hold bite,Joy Mcguire,203,2
3/2022,QVOM957,5,knowing cord,Ali Chaney,108,9
12/2021,JVQO434,1,encourage,Kaitlin Hays,172,2
7/2022,VNSP084,5,doll,Tate Woodward,78,1
11/2022,BSMK229,3,shoe cumbersome whispering,Kellie Rodgers,108,9
7/2021,VKKE698,1,kick key regret,Lawrence Zimmerman,266,1
5/2021,ADUK757,5,fight guide process,Lynn Day,229,9
10/2021,ERTE762,5,cord,Bevis Mason,293,4
12/2021,CWGD898,4,handy hospital,Bevis Knight,141,10
5/2021,CZAS876,3,magnify,Ruth Roy,162,2
5/2021,SVXM831,4,step grow gun,Erin Holman,134,3
7/2021,TVZE028,5,skillful wound,Isaiah Dillard,148,6
1/2023,CIST374,4,tempt,Uma Boyd,286,2
8/2021,EHJF578,3,cord tie,Geoffrey Castro,126,7
4/2022,RUBD827,3,noiseless implant net,Mercedes Acevedo,261,5
5/2021,HOPX737,3,kick,Maile Frank,286,8
11/2022,VFSA296,1,encourage noiseless,Kareem Mccall,58,8
3/2023,ELID017,3,bean skillful wound,Graham Burks,168,9
12/2021,LJXS364,4,weave friction knowledgeable,Kameko Hughes,61,6
6/2022,YMJW979,1,direction broadcast economic,Mikayla Wong,147,7
7/2021,YNYZ753,5,wire boundless abortive,Willow Long,266,7
7/2021,AJQG145,2,kick key,Jerome Shields,297,7
1/2022,LNKL437,2,awake idolize help,Samson Hatfield,213,2
7/2022,CVNR336,2,smile jewel,Carla Weeks,104,8
5/2022,MLHP726,5,hill sight,Alana Cook,220,2
1/2023,BSSV134,3,broadcast economic,Kane Warren,154,2
12/2021,YTOP057,4,knowing,Melanie Winters,196,10
3/2022,YYTK771,2,speak indicate direction,Zephania Jones,138,7
12/2022,NPVN322,2,net makeshift common,Judah Mcdowell,137,5
12/2021,IDDW743,3,makeshift common,Colby Webb,164,7
11/2022,DYRA568,5,goose awake,Raja Morrison,248,5
12/2022,WJLL271,4,blossom home,Rhonda Mcmillan,69,9
8/2022,FETH144,2,skillful,Sage Key,299,3
8/2021,YRNX230,4,implant net,Pandora Matthews,143,5
9/2022,QKYI077,3,victorious head,Sybill Adams,209,4
5/2021,LOHV303,4,doll wire,Jeanette Rowland,90,3
12/2022,FSDU727,1,indicate direction,Guinevere Mcdaniel,102,3
3/2022,QWQE514,4,reward hatch appliance,Reagan Goodwin,254,10
9/2022,HGGN464,3,magnify bean,Lars King,222,6
4/2023,OMYF779,5,sight maid goose,Daphne Dale,297,6
8/2022,AYCH876,3,awake,Raphael Hooper,223,5
8/2022,UPKO779,2,mass blossom home,Serina Bell,172,8
11/2022,QPNI873,4,bite,Yoshi Higgins,167,7
9/2022,ISHL877,1,broadcast,Lucas Hale,268,6
12/2022,HLVD385,3,bite sister uncovered,Sacha Russo,80,9
7/2021,BWWQ213,4,restrain,Wayne Brewer,278,1
12/2022,KFTS639,3,encourage,Simon Rollins,143,4
12/2022,RKCS829,3,economic faucet,Barclay Alston,110,3
1/2022,CHCQ343,3,indicate direction broadcast,Kimberley Guthrie,202,8
12/2022,KLGI775,3,impartial reward,Wendy Faulkner,66,8
8/2022,BMFG015,3,makeshift common,Jaden Cole,124,10
2/2022,UJHO473,3,secretary cute,Rowan Fry,295,3
1/2023,OLUC872,3,blossom home,Penelope English,274,10
5/2022,CFGE603,2,building fight,Troy Luna,165,6
2/2023,SSTS131,2,net makeshift common,Emmanuel Hester,134,9
2/2022,BGMV393,2,mislead book dinosaurs,Medge Foster,154,10
5/2022,BMLI150,4,disappear shave,Dieter Chambers,62,9
8/2021,XPMM336,4,salve grow sable,Paul Butler,237,1
6/2021,CHPD346,3,book dinosaurs,Aileen Blake,195,1
6/2022,DRUC669,3,smile jewel,Seth Tucker,111,3
5/2022,IUWO278,2,kick key regret,Chastity Lane,115,5
7/2022,VCTR629,3,implant net,Troy Kirkland,207,9
1/2022,BSME548,4,high-pitched,Nita Grimes,127,2
7/2022,LSHW437,3,destroy spade men,Elizabeth Dalton,173,4
10/2022,JHMT674,2,restrain,Brendan Savage,281,5
8/2022,FJGL403,3,handy,India Pacheco,100,9
2/2022,CZRF766,4,speak indicate direction,Ryan Rhodes,233,9
3/2022,VOHS313,3,skillful,Arden Randolph,254,2
9/2022,HSMZ034,3,victorious head,Laith Griffith,138,7
5/2021,JHEB314,4,sight maid goose,Zephania Olsen,178,9
12/2022,DDXO013,1,sable,Idola Carr,109,9
2/2022,NWLD542,3,own hold,Willow Greene,214,5
8/2022,MRPG610,5,kick key regret,Deanna Cabrera,181,9
6/2021,VPJW551,2,regret shun,Hyatt Byers,278,2
9/2022,IJFK978,3,shoe cumbersome,Rachel Estes,77,3
7/2021,PHLD181,2,knowing cord,Deacon Jefferson,148,7
11/2021,NPNM387,4,reward hatch,Lana Mercado,257,10
5/2022,LUDB356,2,friction knowledgeable building,Hilda Mercer,205,4
1/2022,LUHT670,3,smile jewel argue,Jasper Frederick,125,7
4/2021,TJKJ437,2,tempt doll,Anne Burt,192,9
5/2022,PKHG810,5,help belong,Alfonso Ramsey,83,3
4/2022,OADD126,5,victorious head peace,Laith Stuart,298,3
2/2023,EQFB692,3,home salve,Guy Santiago,189,2